{
  "project_info": {
    "project_number": "791962452798",
    "firebase_url": "https://sanime165.firebaseio.com",
    "project_id": "sanime165",
    "storage_bucket": "sanime165.appspot.com"
  },
  "client": [
    {
      "client_info": {
        "mobilesdk_app_id": "1:791962452798:android:f8484280a80a54b0d5226f",
        "android_client_info": {
          "package_name": "com.sanime.usx"
        }
      },
      "oauth_client": [
        {
          "client_id": "791962452798-asa5rbkpuiso6qskae92uvnk96ius2ud.apps.googleusercontent.com",
          "client_type": 3
        }
      ],
      "api_key": [
        {
          "current_key": "AIzaSyDjsH8H3Q9dSbmMJBtjA7nrWhckl-q6OK8"
        }
      ],
      "services": {
        "appinvite_service": {
          "other_platform_oauth_client": [
            {
              "client_id": "791962452798-asa5rbkpuiso6qskae92uvnk96ius2ud.apps.googleusercontent.com",
              "client_type": 3
            }
          ]
        }
      }
    }
  ],
  "configuration_version": "1"
}